<?xml version="1.0" encoding="UTF-8" standalone="yes"?>
<addon id="script.module.pycryptodome" name="Pycryptodome" version="1.0.0" provider-name="Kodi">
  <requires>
    <import addon="xbmc.python" version="2.20.0" />
  </requires>
  <extension point="xbmc.python.module" library="lib" />
  <extension point="xbmc.addon.metadata">
    <platform>all</platform>
    <license>Public domain</license>
	<source>https://github.com/xbmc/xbmc</source>
    <summary lang="en">PyCryptodome Python Library</summary>
  </extension>
</addon>
